{
	"format_version": "1.8.0",
	"animations": {
		"axe_switch_to_attack": {
			"animation_length": 0.7083,
			"hold_last_frame": true,
			"bones": {
				"head": {
					"rotation": {
						"0.0": { "vector": [0, 0, 0] },
						"0.25": { "vector": [3, 6, 1] },
						"0.4583": { "vector": [1, 5, 1] },
						"0.7083": { "vector": [0, 0, 0] }
					},
					"position": {
						"0.0": { "vector": [0, 0, 1] },
						"0.2083": { "vector": [0, 0, 0.5] },
						"0.7083": { "vector": [0, 0, 0] }
					}
				},
				"torso": {
					"rotation": {
						"0.0": { "vector": [10, 20, 0] },
						"0.3333": { "vector": [0, -50, 0] },
						"0.7083": { "vector": [0, -50, 0] }
					},
					"position": {
						"0.0": { "vector": [0, 0, 1] },
						"0.3333": { "vector": [0, 0, 0] },
						"0.7083": { "vector": [0, 0, 0] }
					}
				},
				"rightArm": {
					"rotation": {
						"0.0": { "vector": [-34.89963, -9.28945, 39.15093] },
						"0.3333": { "vector": [-72.48435, 2.38422, 0.7522] },
						"0.4583": { "vector": [-69.98435, 2.38422, 0.7522] },
						"0.7083": { "vector": [-72.48435, 2.38422, 0.7522] }
					},
					"position": {
						"0.0": { "vector": [1, -1.2, 3] },
						"0.2083": { "vector": [1.14, -1.2, -0.57] },
						"0.3333": { "vector": [3, -1.2, -5] },
						"0.7083": { "vector": [3, -1.2, -5] }
					}
				},
				"leftArm": {
					"rotation": {
						"0.0": { "vector": [26.94093, 5.73576, -11.12501] },
						"0.3333": { "vector": [13.92809, -53.77546, -17.0883] },
						"0.4583": { "vector": [18.92809, -53.77546, -17.0883] },
						"0.7083": { "vector": [13.92809, -53.77546, -17.0883] }
					},
					"position": {
						"0.0": { "vector": [0, 0, -1] },
						"0.3333": { "vector": [-2, 0, 4] },
						"0.7083": { "vector": [-2, 0, 4] }
					}
				},
				"rightLeg": {
					"rotation": {
						"0.0": { "vector": [22.5, 0, 0] },
						"0.3333": { "vector": [-15, 0, 0] },
						"0.5417": { "vector": [10, 0, 0] },
						"0.7083": { "vector": [10, 0, 0] }
					},
					"position": {
						"0.0": { "vector": [0, 0, 3.4] },
						"0.3333": { "vector": [0, 2, -2] },
						"0.5417": { "vector": [0, 0, -3] },
						"0.7083": { "vector": [0, 0, -3] }
					}
				},
				"leftLeg": {
					"rotation": {
						"0.0": { "vector": [0, 0, 0] },
						"0.2083": { "vector": [10, -18.57143, 0] },
						"0.3333": { "vector": [0, -32.5, 0] },
						"0.7083": { "vector": [0, -32.5, 0] }
					},
					"position": {
						"0.0": { "vector": [0, 0, 0] },
						"0.2083": { "vector": [0, 0, 0.14] },
						"0.3333": { "vector": [0, 0, 2] },
						"0.7083": { "vector": [0, 0, 2] }
					}
				},
				"rightItem": {
					"rotation": {
						"0.0": { "vector": [0, 0, 0] },
						"0.3333": { "vector": [20, -15, 10] },
						"0.7083": { "vector": [35, 0, 0] }
					}
				}
			}
		}
	},
	"geckolib_format_version": 2
}
