{
	"format_version": "1.8.0",
	"animations": {
		"battle_axe_attack": {
			"animation_length": 1.5,
			"bones": {
				"torso": {
					"rotation": {
						"0.0": {
							"vector": [5, 0, 0]
						},
						"0.625": {
							"vector": [-6.01248, -49.79892, -0.01032]
						},
						"0.8333": {
							"vector": [21.51543, 39.8173, 4.18273]
						},
						"1.125": {
							"vector": [11.43078, 31.38084, 6.91732]
						},
						"1.5": {
							"vector": [0, 0, 0]
						}
					}
				},
				"rightArm": {
					"rotation": {
						"0.0": {
							"vector": [-29.4919, -16.75858, -15.50706]
						},
						"0.4167": {
							"vector": [-72.59286, -31.15255, -20.14521]
						},
						"0.625": {
							"vector": [-68.64759, -45.31984, -26.46724]
						},
						"0.8333": {
							"vector": [-63.66939, 54.7459, 11.0725]
						},
						"1.125": {
							"vector": [-81.16939, 54.7459, 11.0725]
						},
						"1.5": {
							"vector": [0, 0, 0]
						}
					},
					"position": {
						"0.0": {
							"vector": [0, 0, 0]
						},
						"0.625": {
							"vector": [2, 0, -4]
						},
						"0.8333": {
							"vector": [0, 0, 3]
						},
						"1.125": {
							"vector": [-1, 0, 1]
						},
						"1.5": {
							"vector": [0, 0, 0]
						}
					}
				},
				"rightLeg": {
					"rotation": {
						"vector": [-10, 22.5, 0]
					},
					"position": {
						"vector": [-1, 0, 0]
					}
				},
				"leftLeg": {
					"rotation": {
						"vector": [0, -22.5, 0]
					},
					"position": {
						"vector": [1, 0, 0]
					}
				}
			}
		}
	}
}