{
	"format_version": "1.8.0",
	"animations": {
		"first_axe_attack": {
			"animation_length": 1,
			"bones": {
				"head": {
					"rotation": {
						"0.0": {
							"vector": [0, 0, 0]
						},
						"0.25": {
							"vector": [-7.14588, -9.78438, -3.38188]
						},
						"0.5": {
							"vector": [2.62353, -7.24305, -1.95155]
						},
						"0.75": {
							"vector": [12.62353, -7.24305, -1.95155]
						},
						"1.0": {
							"vector": [2.63439, -4.74519, -2.05554]
						}
					},
					"position": {
						"0.0": {
							"vector": [0, 0, 0]
						},
						"0.25": {
							"vector": [0, 0, -1]
						}
					}
				},
				"torso": {
					"rotation": {
						"0.0": {
							"vector": [0, 0, 0]
						},
						"0.2083": {
							"vector": [7, -7, -3]
						},
						"0.75": {
							"vector": [11.99367, -22.32764, -4.1626]
						},
						"1.0": {
							"vector": [11.3567, -12.53337, -2.04414]
						}
					},
					"position": {
						"0.0": {
							"vector": [0, 0, 0]
						},
						"0.2083": {
							"vector": [0, 0, 0]
						}
					}
				},
				"rightArm": {
					"rotation": {
						"0.0": {
							"vector": [0, 0, 0]
						},
						"0.25": {
							"vector": [-145, 30, -45]
						},
						"0.5": {
							"vector": [-145, 30, -46]
						},
						"0.75": {
							"vector": [-58, 8, -57]
						},
						"1.0": {
							"vector": [-37, 8, -62]
						}
					}
				},
				"leftArm": {
					"rotation": {
						"0.0": {
							"vector": [0, 0, 0]
						},
						"0.3333": {
							"vector": [-80, 12, 11]
						},
						"0.75": {
							"vector": [-5.06392, 5.85034, -10.59884]
						},
						"1.0": {
							"vector": [35.79878, 13.1919, 1.3281]
						}
					},
					"position": {
						"vector": [0, 0, 0]
					}
				},
				"rightLeg": {
					"rotation": {
						"0.0": {
							"vector": [0, 0, 0]
						},
						"0.2083": {
							"vector": [-10, 0, 5]
						}
					}
				},
				"leftLeg": {
					"rotation": {
						"0.0": {
							"vector": [0, 0, 0]
						},
						"0.2083": {
							"vector": [11.5475, -27.66383, 1.82789]
						}
					},
					"position": {
						"0.0": {
							"vector": [0, 0, 0]
						},
						"0.2083": {
							"vector": [0, 0, 3]
						}
					}
				}
			}
		}
	},
	"geckolib_format_version": 2
}