{
  "format_version": "1.8.0",
  "animations": {
    "sword_defense_idle": {
      "animation_length": 3,
      "bones": {
        "head": {
          "rotation": {
            "0.0": {
              "vector": [0, 0, 0]
            },
            "0.625": {
              "vector": [-0.40443, 16.09021, -8.6239]
            },
            "1.2917": {
              "vector": [13.75, 0, 0]
            },
            "1.8333": {
              "vector": [7.42472, -11.56643, 0.61454]
            },
            "2.4583": {
              "vector": [29.9253, -43.40479, -21.58037]
            },
            "3.0": {
              "vector": [4, 0, 0]
            }
          },
          "position": {
            "0.0": {
              "vector": [0, 0, 0]
            },
            "0.625": {
              "vector": [0, -1.42, 0]
            },
            "1.5": {
              "vector": [0, -1, 0]
            }
          }
        },
        "torso": {
          "rotation": {
            "0.0": {
              "vector": [0, 0, 0]
            },
            "1.0": {
              "vector": [4.9742, 19.56477, -0.02009]
            },
            "1.8333": {
              "vector": [5.52444, 32.00817, 1.24707]
            },
            "2.25": {
              "vector": [4.91471, -17.80863, -3.18895]
            },
            "3.0": {
              "vector": [0, 0, 0]
            }
          },
          "position": {
            "0.0": {
              "vector": [0, 0, 0]
            },
            "1.0": {
              "vector": [0, -1, 0]
            },
            "3.0": {
              "vector": [0, 0, 0]
            }
          }
        },
        "rightArm": {
          "rotation": {
            "0.0": {
              "vector": [0, 0, 0]
            },
            "1.0": {
              "vector": [36.32866, -12.15355, 21.88117]
            },
            "1.7083": {
              "vector": [12.67489, -15.93185, 36.85046]
            },
            "2.3333": {
              "vector": [23.78906, -4.92961, 15.29799]
            },
            "3.0": {
              "vector": [0, 0, 0]
            }
          },
          "position": {
            "0.0": {
              "vector": [0, 0, 0]
            },
            "1.0": {
              "vector": [0, -1, 0]
            }
          }
        },
        "leftArm": {
          "rotation": {
            "0.0": {
              "vector": [0, 0, 0]
            },
            "1.0": {
              "vector": [-109.02909, 48.4076, -14.46375]
            },
            "1.4167": {
              "vector": [-83.75, 48.41, -14.46]
            },
            "2.0": {
              "vector": [-101.52909, 48.4076, -14.46375]
            },
            "3.0": {
              "vector": [0, 0, 0]
            }
          },
          "position": {
            "0.0": {
              "vector": [0, 0, 0]
            },
            "1.0": {
              "vector": [0, 0, -1]
            }
          }
        },
        "rightLeg": {
          "rotation": {
            "0.0": {
              "vector": [0, 0, 0]
            },
            "1.0": {
              "vector": [7.5, 25, 0]
            },
            "1.875": {
              "vector": [9.20625, 42.31907, 3.04287]
            },
            "2.25": {
              "vector": [7.60831, 3.89345, 7.38262]
            },
            "3.0": {
              "vector": [0, 0, 0]
            }
          },
          "position": {
            "0.0": {
              "vector": [0, 0, 0]
            },
            "1.0": {
              "vector": [0, 0, 1]
            },
            "3.0": {
              "vector": [0, 0, 0]
            }
          }
        },
        "leftLeg": {
          "rotation": {
            "0.0": {
              "vector": [0, 0, 0]
            },
            "1.5": {
              "vector": [0.6574, -7.4713, -5.04292]
            },
            "1.8333": {
              "vector": [0.65182, 0.02821, -4.95712]
            },
            "2.25": {
              "vector": [-1.81666, -17.47062, -5.1626]
            },
            "3.0": {
              "vector": [0, 0, 0]
            }
          },
          "position": {
            "vector": [0, 0, 0]
          }
        }
      }
    },
    "sword_attack_idle": {
      "animation_length": 3,
      "bones": {
        "head": {
          "rotation": {
            "0.0": {
              "vector": [0, 0, 0]
            },
            "0.625": {
              "vector": [-0.40443, 16.09021, -8.6239]
            },
            "1.2917": {
              "vector": [13.75, 0, 0]
            },
            "1.7083": {
              "vector": [9.02184, 13.33545, 3.955]
            },
            "2.4583": {
              "vector": [7.82717, -20.89546, -8.53787]
            },
            "3.0": {
              "vector": [4, 0, 0]
            }
          },
          "position": {
            "0.0": {
              "vector": [0, 0, 0]
            },
            "0.625": {
              "vector": [0, 0, 0]
            },
            "1.5": {
              "vector": [0, -1, 0]
            }
          }
        },
        "torso": {
          "rotation": {
            "0.0": {
              "vector": [0, 0, 0]
            },
            "1.0": {
              "vector": [8.64388, 29.7174, 4.30963]
            },
            "1.8333": {
              "vector": [5.52444, 32.00817, 1.24707]
            },
            "2.25": {
              "vector": [4.91471, -17.80863, -3.18895]
            },
            "3.0": {
              "vector": [0, 0, 0]
            }
          },
          "position": {
            "0.0": {
              "vector": [0, 0, 0]
            },
            "1.0": {
              "vector": [0, 0, -1]
            },
            "3.0": {
              "vector": [0, 0, 0]
            }
          }
        },
        "rightArm": {
          "rotation": {
            "0.0": {
              "vector": [0, 0, 0]
            },
            "1.0": {
              "vector": [0.17354, 37.13244, 121.56471]
            },
            "1.3333": {
              "vector": [0.17354, 37.13244, 121.56471]
            },
            "1.7083": {
              "vector": [-68.74186, -5.36404, 21.77459]
            },
            "2.0833": {
              "vector": [-81.24186, -5.36404, 21.77459]
            },
            "2.4167": {
              "vector": [-83.74186, -5.36404, 21.77459]
            },
            "3.0": {
              "vector": [0, 0, 0]
            }
          },
          "position": {
            "0.0": {
              "vector": [0, 0, 0]
            },
            "1.0": {
              "vector": [-1, -1, 0]
            },
            "1.7083": {
              "vector": [0, -1, 1]
            }
          }
        },
        "leftArm": {
          "rotation": {
            "0.0": {
              "vector": [0, 0, 0]
            },
            "1.0": {
              "vector": [-91.10405, 4.75521, -13.6287]
            },
            "1.4167": {
              "vector": [-85.68779, 16.03634, -17.94932]
            },
            "2.0": {
              "vector": [-91.10405, 4.75521, -13.6287]
            },
            "3.0": {
              "vector": [0, 0, 0]
            }
          },
          "position": {
            "0.0": {
              "vector": [0, 0, 0]
            },
            "1.0": {
              "vector": [0, 0, -1]
            }
          }
        },
        "rightLeg": {
          "rotation": {
            "0.0": {
              "vector": [0, 0, 0]
            },
            "1.0": {
              "vector": [-7.85952, 17.34551, 7.64334]
            },
            "1.875": {
              "vector": [9.20625, 42.31907, 3.04287]
            },
            "2.25": {
              "vector": [7.60831, 3.89345, 7.38262]
            },
            "3.0": {
              "vector": [0, 0, 0]
            }
          },